Series,Type,X,Y
1,line,0.1,5.0691
1,line,0.2,5.0079
1,line,0.3,5.7615
1,line,0.4,5.8073
1,line,0.5,5.4591
1,line,0.6,5.9341
1,line,0.7,6.5844
1,line,0.8,8.1711
1,line,0.9,11.9635
2,line,0.1,7.4042
2,line,0.2,8.0304
2,line,0.3,8.8766
2,line,0.4,8.1173
2,line,0.5,8.6239
2,line,0.6,10.0816
2,line,0.7,14.9676
2,line,0.75,23.6196
2,line,0.8,24.1166
2,line,0.85,21.2408
2,line,0.9,19.2561
2,line,1,16.3509
2,line,1.1,15.599
2,line,1.2,12.8357
3,line,0.1,16.1664
3,line,0.2,15.5905
3,line,0.25,16.6354
3,line,0.3,20.1434
3,line,0.35,18.2708
3,line,0.4,18.3569
3,line,0.45,20.8548
3,line,0.5,28.1909
3,line,0.55,36.3511
3,line,0.6,31.9717
3,line,0.65,26.2966
3,line,0.7,21.5684
3,line,0.75,16.6908
3,line,0.8,13.5198
3,line,0.85,11.0138
3,line,0.9,8.9804
4,line,0.75,23.6196000000002
4,line,0.751010101010101,23.6630208346089
4,line,0.752020202020202,23.7050651566167
4,line,0.753030303030303,23.745732966024
4,line,0.754040404040404,23.7850242628304
4,line,0.755050505050505,23.8229390470361
4,line,0.756060606060606,23.859477318641
4,line,0.757070707070707,23.8946390776453
4,line,0.758080808080808,23.9284243240487
4,line,0.759090909090909,23.9608330578513
4,line,0.76010101010101,23.9918652790532
4,line,0.761111111111111,24.0215209876544
4,line,0.762121212121212,24.0498001836548
4,line,0.763131313131313,24.0767028670545
4,line,0.764141414141414,24.1022290378534
4,line,0.765151515151515,24.1263786960516
4,line,0.766161616161616,24.149151841649
4,line,0.767171717171717,24.1705484746455
4,line,0.768181818181818,24.1905685950414
4,line,0.769191919191919,24.2092122028366
4,line,0.77020202020202,24.2264792980309
4,line,0.771212121212121,24.2423698806246
4,line,0.772222222222222,24.2568839506174
4,line,0.773232323232323,24.2700215080095
4,line,0.774242424242424,24.2817825528009
4,line,0.775252525252525,24.2921670849915
4,line,0.776262626262626,24.3011751045813
4,line,0.777272727272727,24.3088066115704
4,line,0.778282828282828,24.3150616059587
4,line,0.779292929292929,24.3199400877463
4,line,0.78030303030303,24.3234420569331
4,line,0.781313131313131,24.3255675135192
4,line,0.782323232323232,24.3263164575044
4,line,0.783333333333333,24.325688888889
4,line,0.784343434343434,24.3236848076728
4,line,0.785353535353535,24.3203042138559
4,line,0.786363636363636,24.3155471074381
4,line,0.787373737373737,24.3094134884197
4,line,0.788383838383838,24.3019033568005
4,line,0.789393939393939,24.2930167125805
4,line,0.79040404040404,24.2827535557598
4,line,0.791414141414141,24.2711138863382
4,line,0.792424242424242,24.258097704316
4,line,0.793434343434343,24.243705009693
4,line,0.794444444444444,24.2279358024693
4,line,0.795454545454545,24.2107900826448
4,line,0.796464646464646,24.1922678502195
4,line,0.797474747474747,24.1723691051934
4,line,0.798484848484848,24.1510938475667
4,line,0.799494949494949,24.1284420773392
4,line,0.800505050505051,24.1044137945109
4,line,0.801515151515152,24.0790089990819
4,line,0.802525252525253,24.0522276910521
4,line,0.803535353535354,24.0240698704216
4,line,0.804545454545455,23.9945355371902
4,line,0.805555555555556,23.9636246913582
4,line,0.806565656565657,23.9313373329253
4,line,0.807575757575758,23.8976734618917
4,line,0.808585858585859,23.8626330782574
4,line,0.80959595959596,23.8262161820224
4,line,0.810606060606061,23.7884227731865
4,line,0.811616161616162,23.74925285175
4,line,0.812626262626263,23.7087064177126
4,line,0.813636363636364,23.6667834710745
4,line,0.814646464646465,23.6234840118356
4,line,0.815656565656566,23.578808039996
4,line,0.816666666666667,23.5327555555557
4,line,0.817676767676768,23.4853265585145
4,line,0.818686868686869,23.4365210488727
4,line,0.81969696969697,23.3863390266301
4,line,0.820707070707071,23.3347804917867
4,line,0.821717171717172,23.2818454443425
4,line,0.822727272727273,23.2275338842976
4,line,0.823737373737374,23.171845811652
4,line,0.824747474747475,23.1147812264056
4,line,0.825757575757576,23.0563401285585
4,line,0.826767676767677,22.9965225181106
4,line,0.827777777777778,22.9353283950618
4,line,0.828787878787879,22.8727577594124
4,line,0.82979797979798,22.8088106111622
4,line,0.830808080808081,22.7434869503113
4,line,0.831818181818182,22.6767867768596
4,line,0.832828282828283,22.6087100908072
4,line,0.833838383838384,22.539256892154
4,line,0.834848484848485,22.4684271809001
4,line,0.835858585858586,22.3962209570452
4,line,0.836868686868687,22.3226382205898
4,line,0.837878787878788,22.2476789715336
4,line,0.838888888888889,22.1713432098766
4,line,0.83989898989899,22.0936309356189
4,line,0.840909090909091,22.0145421487604
4,line,0.841919191919192,21.9340768493012
4,line,0.842929292929293,21.8522350372411
4,line,0.843939393939394,21.7690167125804
4,line,0.844949494949495,21.6844218753189
4,line,0.845959595959596,21.5984505254567
4,line,0.846969696969697,21.5111026629937
4,line,0.847979797979798,21.4223782879299
4,line,0.848989898989899,21.3322774002654
4,line,0.85,21.2408000000001
5,line,0.5,28.1908999999995
5,line,0.501010101010101,28.47985631058
5,line,0.502020202020202,28.7636949392914
5,line,0.503030303030303,29.0424158861335
5,line,0.504040404040404,29.3160191511066
5,line,0.505050505050505,29.5845047342103
5,line,0.506060606060606,29.8478726354449
5,line,0.507070707070707,30.1061228548102
5,line,0.508080808080808,30.3592553923065
5,line,0.509090909090909,30.6072702479335
5,line,0.51010101010101,30.8501674216913
5,line,0.511111111111111,31.0879469135799
5,line,0.512121212121212,31.3206087235992
5,line,0.513131313131313,31.5481528517494
5,line,0.514141414141414,31.7705792980304
5,line,0.515151515151515,31.9878880624422
5,line,0.516161616161616,32.2000791449848
5,line,0.517171717171717,32.4071525456582
5,line,0.518181818181818,32.6091082644624
5,line,0.519191919191919,32.8059463013974
5,line,0.52020202020202,32.9976666564633
5,line,0.521212121212121,33.1842693296599
5,line,0.522222222222222,33.3657543209873
5,line,0.523232323232323,33.5421216304455
5,line,0.524242424242424,33.7133712580346
5,line,0.525252525252525,33.8795032037543
5,line,0.526262626262626,34.040517467605
5,line,0.527272727272727,34.1964140495863
5,line,0.528282828282828,34.3471929496986
5,line,0.529292929292929,34.4928541679417
5,line,0.53030303030303,34.6333977043156
5,line,0.531313131313131,34.7688235588201
5,line,0.532323232323232,34.8991317314557
5,line,0.533333333333333,35.0243222222218
5,line,0.534343434343434,35.144395031119
5,line,0.535353535353535,35.2593501581468
5,line,0.536363636363636,35.3691876033055
5,line,0.537373737373737,35.473907366595
5,line,0.538383838383838,35.5735094480152
5,line,0.539393939393939,35.6679938475662
5,line,0.54040404040404,35.7573605652482
5,line,0.541414141414141,35.8416096010608
5,line,0.542424242424242,35.9207409550044
5,line,0.543434343434343,35.9947546270786
5,line,0.544444444444444,36.0636506172837
5,line,0.545454545454545,36.1274289256195
5,line,0.546464646464646,36.1860895520863
5,line,0.547474747474747,36.2396324966837
5,line,0.548484848484848,36.288057759412
5,line,0.549494949494949,36.3313653402711
5,line,0.550505050505051,36.3695552392611
5,line,0.551515151515152,36.4026274563818
5,line,0.552525252525253,36.4305819916333
5,line,0.553535353535354,36.4534188450156
5,line,0.554545454545455,36.4711380165287
5,line,0.555555555555556,36.4837395061726
5,line,0.556565656565657,36.4912233139473
5,line,0.557575757575758,36.4935894398528
5,line,0.558585858585859,36.4908378838892
5,line,0.55959595959596,36.4829686460563
5,line,0.560606060606061,36.4699817263543
5,line,0.561616161616162,36.451877124783
5,line,0.562626262626263,36.4286548413426
5,line,0.563636363636364,36.4003148760328
5,line,0.564646464646465,36.3668572288541
5,line,0.565656565656566,36.3282818998059
5,line,0.566666666666667,36.2845888888887
5,line,0.567676767676768,36.2357781961023
5,line,0.568686868686869,36.1818498214467
5,line,0.56969696969697,36.1228037649217
5,line,0.570707070707071,36.0586400265277
5,line,0.571717171717172,35.9893586062644
5,line,0.572727272727273,35.914959504132
5,line,0.573737373737374,35.8354427201303
5,line,0.574747474747475,35.7508082542595
5,line,0.575757575757576,35.6610561065195
5,line,0.576767676767677,35.5661862769103
5,line,0.577777777777778,35.4661987654318
5,line,0.578787878787879,35.3610935720843
5,line,0.57979797979798,35.2508706968674
5,line,0.580808080808081,35.1355301397815
5,line,0.581818181818182,35.0150719008262
5,line,0.582828282828283,34.8894959800018
5,line,0.583838383838384,34.7588023773083
5,line,0.584848484848485,34.6229910927453
5,line,0.585858585858586,34.4820621263135
5,line,0.586868686868687,34.3360154780122
5,line,0.587878787878788,34.1848511478419
5,line,0.588888888888889,34.0285691358022
5,line,0.58989898989899,33.8671694418935
5,line,0.590909090909091,33.7006520661155
5,line,0.591919191919192,33.5290170084684
5,line,0.592929292929293,33.3522642689519
5,line,0.593939393939394,33.1703938475664
5,line,0.594949494949495,32.9834057443115
5,line,0.595959595959596,32.7912999591877
5,line,0.596969696969697,32.5940764921944
5,line,0.597979797979798,32.3917353433321
5,line,0.598989898989899,32.1842765126005
5,line,0.6,31.9716999999998
